signal,is_change_point
7.463688923548122,0
5.828509003426151,0
7.363207072283475,0
8.359893330714018,0
7.1410085151485205,0
7.238455965082475,0
6.451182834568622,0
5.957503301137901,0
7.131417094544469,0
7.50317307694381,0
8.290427828608475,0
6.93152013061247,0
7.044784136066658,0
7.442648134541272,0
7.5663316602696025,0
7.71229650887656,0
7.109806035294616,0
8.209663014340409,0
7.703523046389705,0
7.142648652416856,0
6.71866753167573,0
6.890145934876568,0
6.617208442762115,0
5.351380364513182,0
7.960704230291784,0
8.051802440063241,0
8.811397172438083,0
9.594336155927925,0
10.37549169856874,0
11.283908040326523,0
12.345827488711887,1
12.924233671426993,0
13.653627176066541,0
13.790347450707547,0
15.200478460756806,0
16.509735274301672,0
14.972735839092213,0
15.213380250714462,0
16.81487558265613,0
16.51251145621905,0
16.699277860173154,0
16.31966184228733,0
14.80194328361824,0
13.9311461764852,0
15.602535235677543,0
16.523274011402673,0
15.569174806789894,0
14.753518359838907,0
13.969578462631443,0
12.68206215131892,0
12.302481688199162,0
9.79106015693321,0
9.35419132566215,0
7.801646290530208,1
8.061148045351523,0
7.241187813208963,0
7.723642637762419,0
4.8346165602143785,0
3.879368159911831,0
3.2991086662347477,0
2.9931643728615676,0
1.1558531964601488,0
1.3897735479793711,0
0.49233547835640845,0
1.5358578931893938,0
2.140291701777553,0
1.3490498096825383,0
0.8342379468581076,0
1.1773999045761212,0
3.022647009112135,0
0.460162447893825,0
0.5037009455724142,0
1.320384773702012,0
2.163579976052635,0
3.2702380194507805,0
4.153687655599228,0
4.7020127717786275,0
5.040726703434381,0
7.79413998413704,0
8.321678208820611,1
9.463400746066252,0
9.329104717527455,0
9.85146596257367,0
10.622655604772756,0
14.19898287503497,0
12.90265840964836,0
15.977009946266024,0
14.941815099525686,0
15.096512678141972,0
14.898309282485087,0
13.344361300447122,0
12.796169893022517,0
15.785155970930461,0
15.630682185746613,0
17.162752769777534,0
14.943189432734114,0
14.144912601875394,0
14.040674756945034,0
15.090562822929787,0
14.387097166000109,0
14.136560593012325,0
13.507146340812987,0
13.294098874059387,0
12.594828626231495,0
16.18934665584217,0
12.230081810015584,0
15.685689010945232,0
12.979729061764052,0
14.32536939651758,0
12.922640684613823,0
14.813135610960757,0
14.532268935377674,0
13.995175604110926,0
13.595427408153157,0
12.905248595974093,0
12.558727932429157,0
11.536192569075656,0
11.360876101981592,0
10.83938987803542,0
9.72257013654949,1
8.945828728012067,0
8.795684160162438,0
8.680341043180695,0
7.863389005565578,0
6.472714044448351,0
6.23084834464531,0
6.56104546766001,0
5.421343243273389,0
7.573923554377339,0
8.05244653525814,0
6.545858107610778,0
7.167077621711021,0
7.947097404403419,0
7.084552600655761,0
7.137132938845689,0
9.357430408568367,0
6.859336270558014,0
6.612655538347815,0
7.082525069002313,0
6.627127396048593,0
6.994548150169006,0
8.505089396205246,0
8.417005515818287,0
6.73833605556269,0
8.388873249029269,0
8.093104693438544,0
8.61853698292452,0
9.064057118152967,0
9.791593236762058,0
10.139030248980045,0
10.794464617185543,1
11.53485661630139,0
11.513804386456576,0
13.561647941245187,0
13.045532515063716,0
12.53828424076431,0
14.348126853774371,0
14.180408858447132,0
15.204331720468955,0
13.621495870002498,0
12.712849646888944,0
15.095122368208829,0
11.872836852260665,0
14.828518806887777,0
13.74794710629977,0
14.161827250190337,0
10.645156974685731,0
9.957786194063681,1
10.700497276279876,0
11.335441397231362,0
9.862093872388368,0
9.212881664357255,0
10.313843079839673,0
9.54056822522552,0
10.326497606530097,0
10.344646874908852,0
11.06964039540095,0
10.648179057417888,0
9.423604478175738,0
9.895310486812331,0
9.705164870826694,0
9.363474191107457,0
10.974814710598443,0
8.977965925341838,0
10.45928045979676,0
8.523302909008825,0
10.49341756094451,0
9.94875159177578,0
9.607907693131931,0
8.806464013261088,0
8.381740873550918,0
7.529293943418554,0
7.19662587780455,0
6.96177294773654,0
6.713314989325602,1
6.093653141239767,0
5.050691413104262,0
5.173294435190075,0
5.064678229798509,0
4.610704835557588,0
3.21573125122523,0
3.409136610045687,0
2.4086185669594258,0
2.433736878488419,0
1.3369446031272276,0
1.0639801603139902,0
1.0855260389650514,0
2.193948505207669,0
0.7597219189507276,0
2.3479382063650647,0
3.0203481734323816,0
1.8878054943916929,0
0.1990474492290235,0
2.4184885625085224,0
3.9778569134682336,0
2.4756872738925235,0
3.4451136035069636,0
2.1674682440996627,0
3.258278788909808,0
2.041459986315936,0
1.12242473998345,0
1.440638123861604,0
1.367205089391339,0
1.2398491499341482,0
1.5322304121972643,0
0.8892963152860918,0
0.9197887184856592,0
1.652645709133201,0
2.913115644895224,0
3.2131033717206847,0
3.4675270691644684,0
5.267467690456225,0
6.989920433607173,0
8.057939691645418,0
8.487573690630203,1
9.566039593947027,0
8.721655786676012,0
8.553704031606568,0
10.226733069497548,0
11.163198268490497,0
11.497407555373787,0
14.475592765304164,0
14.603453930592233,0
13.915296276497857,0
15.123953577239643,0
13.054743279706056,0
14.100627001761486,0
14.403767720294663,0
13.433594643736441,0
14.707728480887402,0
14.564316569929554,0
15.935132573587975,0
15.222573150260816,0
14.191921217372164,0
13.634137057239489,0
12.60777013044072,0
12.62623442909917,1
11.075567496358524,0
10.080276466336455,0
9.458362691354235,0
8.471342937821463,0
6.331905982796146,0
6.6435243958111325,0
4.472003078176397,0
5.789122964276272,0
3.896903082927682,0
5.741607124750943,0
3.944674195162781,0
6.535221212518306,0
7.247827430005372,0
6.181824808376831,0
5.682269864324212,0
4.644823501993229,0
4.9273413439048905,0
7.181451472723995,0
5.361781948039224,0
6.199989292801383,0
4.891213525023934,0
6.238729663808975,0
5.673418649876064,0
6.3125523823431315,0
3.9831067540312257,0
5.031172867026708,0
5.788493725715845,0
7.810001625514342,0
6.09050938938989,0
7.153422416403652,0
5.475189730240699,0
6.290718352828043,0
7.04359747605084,0
8.31192294835258,0
9.113752443847213,0
9.89833279441527,1
11.419113983126067,0
11.289830768059016,0
13.520692718052985,0
13.166334816971453,0
11.133460329461272,0
11.741911763210865,0
12.14478106867424,0
12.317193831372995,0
12.042686599594251,0
12.112219424567598,0
11.95084257565237,0
10.55136127536896,0
14.290089820533305,0
11.600003926124556,0
10.778090525226329,0
12.724060112207942,0
11.96909084478567,0
11.118389711560825,1
10.402885145578969,0
9.787232366813631,0
12.434424920432662,0
11.304761733931029,0
12.181589810506926,0
12.069832145858527,0
10.074281990937388,0
9.546028251477292,0
10.124246542704514,0
13.046442723025224,0
12.390941849485955,0
12.123103690855633,0
9.634636816902756,0
10.857065135654555,0
9.358754561167034,0
11.204303058111105,0
10.404788919155758,0
9.645605059388318,0
9.28681844856406,0
8.178925421960153,0
7.394890252152532,0
6.858404628685154,1
6.168929334700673,0
5.823682186586721,0
4.480885686676315,0
4.607073158696335,0
2.372316164423852,0
2.4961880859035266,0
1.990523411212447,0
3.1736404708701436,0
3.150755785788485,0
1.9071658347298295,0
3.85513844463578,0
2.3651959715920983,0
3.264489617009065,0
3.446267528470421,0
1.9132132969193056,0
1.7548387159006407,0
2.920129865308583,0
2.49170528625357,0
2.94199541248019,0
2.9824874806361814,0
3.372672821328651,0
3.8060898187353662,0
3.525609262563124,0
0.5913847892971336,0
3.917883353842279,0
4.404549535213749,0
3.9041649207483484,0
2.3443569817557934,1
3.8191238039641116,0
5.500149759755217,0
2.9528416467286935,0
4.318875545647939,0
4.2762260745423175,0
3.8111077206789212,0
2.840499707357094,0
5.101330591656277,0
5.056999369615038,0
3.399446892537017,0
4.0853583175798756,0
5.274037707201228,0
3.202932659027751,0
2.654709049415482,0
5.256305338707326,0
3.997833149423828,0
1.131512659916703,0
2.9342992425142214,0
2.6823689543169635,0
4.174695628424961,0
5.08013304654793,0
4.034872707982531,0
3.1787157202804126,0
2.5434832213911456,1
1.6596011971531714,0
1.2354637758622506,0
0.5010493907299229,0
2.4676145307302626,0
2.1030001180776723,0
4.073674737264202,0
1.0980134263812276,0
2.7843940542057677,0
1.3351513034400102,0
0.929782679664779,0
2.3866267197841107,0
1.2745653288916277,0
0.06984756155600769,0
1.9911675242610436,0
1.6948300433614385,0
3.0141975768356586,0
2.950234177708217,0
0.6849773318547077,0
3.151053025805608,0
1.4046821692418061,0
2.426338225955103,0
3.411361934202742,0
4.484236182156502,0
5.241212772717191,0
5.805224942584513,0
7.296431305237547,0
7.964884239660311,0
10.606621125983253,1
10.801617123588088,0
10.231010082906353,0
12.832672347203902,0
12.489235794846001,0
14.363743639488511,0
14.758852501720991,0
17.767922252961537,0
17.094997508730398,0
15.892644745419988,0
16.714831115936928,0
16.0301827652553,0
17.276530927511942,0
17.514656924665108,0
16.183748304474577,0
16.90297092963032,0
18.40253700166068,0
18.938085465964395,0
16.71623187697924,0
18.272785114559788,0
15.837279897148042,0
16.25924738562798,0
17.53413543420852,0
17.44442428401775,0
16.605691939647553,0
17.36315814425288,0
16.536768407971344,0
15.962452280782614,0
14.76403972790261,0
14.308614012913015,0
13.145119704269785,0
12.885063985905518,0
11.33671734676134,0
11.38753430666688,1
10.49903432859863,0
9.956092704670798,0
8.912970624792965,0
6.763557697840387,0
6.626626490300886,0
5.780560127327195,0
6.87178452829361,0
4.773437623970042,0
2.2204125856182477,0
5.509090836344882,0
4.072856180287344,0
3.5030623919351567,0
3.1330095247140717,0
2.851595184342697,0
3.132870428109425,0
2.2767489497004827,0
3.906800187296935,0
5.3417545974707386,0
3.647710529475209,0
5.867053127854401,0
2.3776257650296646,0
3.8709352916724384,0
3.039185587907985,0
3.7162541586025757,0
2.104255810318306,0
5.480630269182569,0
2.663327644601093,0
3.562605164064004,0
3.2254248551134372,0
4.663141830699464,0
2.712870547002762,0
4.389455184781968,1
6.245824850161267,0
5.255287605156315,0
5.273064567893593,0
5.7550641830769855,0
6.822967946039093,0
5.540693082588626,0
4.320083155246824,0
3.7689601077103205,0
5.819248062752159,0
5.574325435532764,0
3.3459187108427897,0
4.914184404783481,0
5.879288977524144,0
6.616374480899646,0
5.719850001090409,0
3.6725163085182913,0
5.497374668590789,0
5.170614500951401,0
4.72881787039192,0
5.623674468355468,0
6.2026405422750335,0
7.3678162469239945,0
8.725168544439487,0
9.364946253439836,0
10.105328448667702,0
10.485989241302654,0
11.372856992481749,1
13.311520457500995,0
13.51724276253911,0
14.185420795598498,0
15.715786654314583,0
16.25095235550758,0
16.29535808590341,0
17.98873043282203,0
18.853882761759067,0
19.23721838449995,0
18.101252991953437,0
19.465862540016992,0
19.52159637201129,0
19.588185983103468,0
18.767622116222984,0
17.588331068519885,0
19.291812517558924,0
18.64363775629521,0
18.83945775280077,0
17.587616161844803,0
16.739824410913346,0
16.033011139658267,0
14.704760270404929,0
14.494992193711855,0
13.685774875497712,0
12.569222112300071,0
11.24791260921914,0
10.297891745991247,1
9.590926195502268,0
8.581926560593045,0
8.914705545297943,0
8.220268304038363,0
5.700643881207544,0
4.014580973268558,0
7.5227304238743,0
3.781566204593652,0
4.917366555738686,0
3.682399039513954,0
6.803166440570779,0
7.232640229725712,0
5.032759648136179,0
5.186321831398269,0
5.0798750667273485,0
3.3823866318718645,0
5.1015512061964206,0
4.456565279554159,0
3.867279914899328,0
2.9760469243850816,1
2.4623601493107614,0
1.9309218443896328,0
2.10605222745662,0
-0.2365060106125878,0
0.43965656798281993,0
0.7251628222937783,0
1.2591642853679201,0
1.0506051748921272,0
1.9980107025434277,0
3.5035384979418374,0
1.5392216500356573,0
-1.4231989302995025,0
2.6407357105533142,0
1.5968608162398885,0
1.5747751951368107,0
-0.7734518873765199,0
-0.35309993016561747,0
0.12940213629725272,0
1.0146292169621116,0
1.2431864825137073,0
1.58495549700142,1
2.2083783171586537,0
2.44635916603782,0
2.947930343774187,0
3.687128129085023,0
4.061697243756482,0
2.4823422779734354,0
4.382521120459356,0
3.641366207800531,0
3.699901488573148,0
4.800705728959889,0
4.55944288349004,0
3.472923593971147,0
4.31499606224313,0
2.6242672038309136,0
3.4063886497176363,0
4.136192514884627,1
4.987949980998672,0
5.468044859115692,0
5.650142251901979,0
4.323449060199347,0
4.529929524699738,0
3.343282448479812,0
6.304043536083735,0
5.331689013687902,0
3.9319211814354964,0
3.3163883453714984,0
4.171321154542158,0
3.8611366589890355,0
3.095779582592336,0
5.1049178949309235,0
3.6412946982033527,0
3.9046988608770064,0
2.8382215007768403,0
5.6966600867505806,0
3.9739368385967877,0
3.6999042167135623,0
4.223285531934216,0
4.284781304456551,0
5.649195576226202,0
3.104332634351554,0
4.080323661514782,0
4.4702258411166875,0
5.599423426599033,0
6.424864669517856,0
6.985557406975104,1
7.2764039779144,0
8.238370539694195,0
9.542160101829722,0
10.105223979935277,0
10.364171041837105,0
10.809308914884186,0
10.040302262235553,0
10.747386507860389,0
10.785602823273702,0
12.331024718688713,0
10.671871552753739,0
11.655629253447133,0
12.170403888386513,0
11.359765854743213,0
11.040600060353167,0
10.465501425669196,0
9.98227946647948,0
9.448244480231567,0
8.516872345050702,0
8.36004814651342,1
7.961064743127496,0
7.244940081644457,0
6.871183471442594,0
6.124106530220136,0
6.844308828158812,0
5.422751389175798,0
5.557973761367183,0
6.077620132028815,0
7.171342783715821,0
6.5402147708461,0
6.005134194488946,0
6.350885561882344,0
6.084352726344057,0
6.071563922551732,0
5.886625933570835,0
7.288506767825644,0
3.3599937529296837,0
5.6651080522173425,0
6.7058839542205115,0
5.600741271243077,0
6.2854744158700475,0
6.939204364287961,0
8.121201160158606,0
7.876595449414402,0
8.516111280382416,1
9.361443932490893,0
10.75034819554802,0
11.24952255921464,0
11.86793119976792,0
12.846891615089326,0
11.036096559966717,0
14.33311847583849,0
13.041957863366754,0
12.52675664108316,0
11.968824580687219,0
13.368250946631683,0
13.904925283491433,0
11.854672310075589,0
14.055053747782019,0
14.079245697823222,0
13.866783918361266,0
12.001951063289123,0
13.598547308267564,0
13.658948118473102,0
11.649577264450903,0
13.094613051708444,0
14.073800918855568,0
12.15161832432655,0
13.939520781270051,0
12.632886099876659,0
13.118976058000685,0
12.062596199478584,0
11.801884155472553,0
11.200965070404918,0
10.473286076807973,0
9.876378391608583,0
9.080619599130362,0
8.571830701069718,1
8.15472601761515,0
7.3988421085806015,0
6.556463927512405,0
6.183163424173063,0
6.091999196138954,0
5.006803467625806,0
7.08795434749682,0
6.124184024611507,0
7.2354471235521345,0
6.212577250101502,0
5.718147255673456,0
4.826800866106673,0
5.44252912401008,0
6.185723175556987,0
6.8743474160597895,0
6.14233871260195,0
8.470236066175227,0
5.024048262957326,0
5.98994477460586,0
7.03794942575812,1
7.941432743912165,0
8.72455457599815,0
8.412554090674972,0
7.19096108860566,0
7.578734176014729,0
7.106458874578841,0
7.403777178626581,0
10.563681659094,0
8.234963444683876,0
10.106716964185491,0
7.198016219122904,0
8.617614399920885,0
8.776490695242193,0
7.985548758832221,0
8.23619494496977,0
7.346006220503221,0
8.846000353571982,0
8.025381175308677,0
7.34726317608771,0
6.5484134720624105,0
7.235616097821131,0
7.573124698404171,0
9.58018768400353,0
8.271688337825605,0
7.6484261230905215,0
6.804305916114305,0
6.041352358191153,0
5.214567702751005,0
4.820384402839055,1
4.603954733707068,0
3.1448966606939415,0
1.9972702883759315,0
1.5827352288651033,0
2.337901040198427,0
2.7378231467943097,0
-0.39286887626616185,0
-1.2329264021824633,0
-0.5927556862506114,0
-1.1030993167053091,0
-0.026127431861721572,0
1.483316444462031,0
-0.7787574112730861,0
1.5531091740314702,0
-1.8003605509124125,0
-2.0337174148530757,0
1.5989651638077325,0
0.3408386867784993,0
0.9565577692063829,0
1.4632409513080011,0
-1.099329126633853,0
0.5168573976877806,0
-1.3761472524153517,0
0.3573597070260513,0
1.0184456643110282,0
1.7553874325460264,0
2.232335848436692,0
3.237284233586165,0
3.54072441791523,0
3.9741947711218173,0
5.0995669352991095,0
4.897020088935087,1
5.6374360163190085,0
7.3620956945647995,0
6.674351051673302,0
9.23003949460047,0
9.392086886421406,0
10.773522837775838,0
10.16447005242436,0
10.632738649704352,0
10.911169174089368,0
10.501202101616627,0
12.339905700501447,0
10.992601246949596,0
13.466689277185738,0
11.054610427486038,0
10.43502188367529,0
10.42851634345295,0
10.492465077686752,0
10.734509230288266,0
11.04628134439645,0
9.580152799927,0
11.479650609189564,0
8.635244453534213,0
9.321034484271959,0
9.988949408522329,1
10.836044182805107,0
11.514654086426217,0
13.971453954178708,0
12.105171409424576,0
12.506948380186333,0
15.172191618952272,0
13.327039002049466,0
13.514805289587736,0
12.284823212288927,0
14.150639541099462,0
13.426847772983201,0
14.259332464975504,0
13.06601147484137,0
11.44005340227137,0
11.828031876747824,0
13.446449871416318,0
12.640126069506344,0
13.795470220408179,0
14.03163844317593,0
14.314080112127947,0
14.537599353741573,0
13.703476577869246,0
15.123480421048962,0
11.938775803245974,0
11.372018422525727,0
11.627258044231306,0
12.644478352163983,0
13.484250457049205,0
12.391868643745852,0
12.611213364971437,0
11.883572379614998,0
11.461726705509687,0
10.818517992223969,0
9.30348504905132,0
9.967238042540094,1
8.876780201721814,0
8.704059268544686,0
7.401342653671531,0
6.5926221091519235,0
4.741540589798112,0
7.288063320152948,0
5.8589523657612945,0
6.47886010051894,0
5.399343227750389,0
8.278159916852527,0
8.048942361817247,0
7.1854762540209025,0
8.440043116539668,0
7.767134501764355,0
5.476378336236683,0
6.089155689369207,0
6.379721073731176,0
7.5499492672032344,0
7.188497182897496,0
6.249914199605989,0
6.166271775622353,0
6.835154330362349,0
7.664011441808232,0
7.9543043002623985,0
8.821153256301155,0
9.332427151333292,0
9.892372146682575,0
9.738587233575473,0
11.783241139564092,1
11.69199960879454,0
12.496585894189764,0
12.619481397722193,0
14.277077524385621,0
15.117997853444205,0
14.498690816924924,0
13.984279320039391,0
16.53742056567107,0
15.143907010325645,0
16.73392541455784,0
15.029586424966503,0
15.441272529963404,0
16.891636964897323,0
14.657089264154246,0
16.845116167462123,0
17.31308678087496,0
15.731896814121827,0
17.177699522750196,0
14.840689935414044,0
14.352086277629287,0
17.25226435305245,0
17.331023667988806,0
16.962783243788394,0
16.085970607368438,0
14.507997552394599,0
16.23903739634851,0
15.406487950144815,0
15.813101910184635,0
18.164131426165383,0
16.99571040943266,0
14.525518905939938,0
16.453946945863905,0
15.555810550509074,0
14.566478396560434,0
17.210138643607795,0
16.460897575857345,0
15.852044571477009,0
15.069736578709353,0
14.35273728371954,0
13.77515504618837,0
12.975822684231115,0
12.394666378278426,0
11.325557713589962,0
11.305634502667875,0
8.98738324139947,0
9.935817239893382,0
10.053667944986874,0
8.513430141253231,1
8.068633539817661,0
7.1178978428392625,0
5.821425691406201,0
4.769933572237587,0
6.234884462612952,0
5.064881200646372,0
2.0391286083936677,0
1.2847645481558647,0
0.5660934765303267,0
2.872758670654676,0
0.5130242581489064,0
0.006813618997427955,0
-0.7150432859095917,0
-1.0772878249997713,0
1.2823929482648466,0
0.562109240138975,0
0.6270275331994049,0
1.7270257602893213,0
-0.31402495487126475,0
0.5945067572605135,0
2.0276871036142827,0
-0.22271409398305278,0
1.2701092174944215,0
0.7327819667705691,0
-0.5832550926339508,0
-0.542822852644926,0
0.06511815884723864,0
-0.7735738035347399,0
1.194681174966398,0
0.41516760311682543,0
-1.5595497803504705,0
-0.3002707627346145,0
1.2158464121988488,0
-1.6631795099575304,0
1.0401756616420088,0
-0.9357900460324012,0
-0.1512388261724964,0
0.4112417032504937,0
1.1530303255556098,0
1.3525467279206973,0
1.8922551580412308,0
2.724458516585955,0
3.6555744597910897,0
5.089036831187746,0
4.185790315343137,0
6.288446281087123,0
7.056445032013305,0
8.795572560740549,0
7.294382759684841,1
8.660022955735062,0
9.6452098707607,0
9.993482132288902,0
13.162183513347546,0
10.10354709546458,0
13.12918618744669,0
13.099541839272005,0
14.382271695034667,0
13.231670097819197,0
16.729226732168133,0
13.583993022633855,0
16.39153239099411,0
18.212057776566912,0
16.345527243981675,0
14.275052395928993,0
16.836507153947785,0
16.15645929746986,0
16.955683919608465,0
15.816185040326728,0
15.795769158218025,0
16.276033048947998,0
14.999655284553743,0
16.30733581130448,0
16.047431686261355,0
14.477556316111869,0
16.847311686693484,0
16.940860688213007,0
14.572265457705502,0
15.789429866453982,0
14.732379872329108,0
15.771888622445546,0
15.636511361254849,0
16.569944215991136,0
16.663567607484644,0
17.227047755488705,0
16.2993196500218,0
15.39326489468632,0
14.602649637905184,0
13.483114448173941,0
12.469664511014154,0
12.128021905791087,0
11.14625663270943,0
11.087075799106735,1
8.954476558182044,0
8.560576476483238,0
8.49927322300174,0
7.571300268714419,0
5.983508081932428,0
6.198683748933762,0
6.145941864070087,0
3.429299294250293,0
2.1181186878094556,0
4.384436217147919,0
4.93139757914687,0
3.7253829371197806,0
4.614536308762331,0
3.9581443013158064,0
2.8934915310208122,0
4.476214562612189,0
2.387020890368637,0
2.569721666033761,0
2.8108454790988313,0
2.281935436948946,0
3.857885046278538,0
2.4919077674229335,0
2.488672067374744,0
2.4849693119231624,0
2.481572441841631,0
2.4795860299192736,0
2.4735864917667665,0
2.4728807689088277,0
2.4657315737416075,0
2.4657721187685255,1
2.4552871963470206,0
2.453860037432545,0
2.45470381373446,0
2.4513291313699765,0
2.4490786672443834,0
2.449585301185315,0
2.439486412682048,0
2.43770871776064,0
3.0617356583043773,0
3.8252694972583745,0
3.3202673254174813,0
4.245162893633251,0
2.9312244679525006,0
3.2476323919964276,0
1.2191786521989956,0
3.4624680806869557,0
3.249612131199038,0
1.8019460965412761,0
1.3422474992745026,0
1.3525921380866597,0
2.567681177855636,0
3.5762857271251507,0
2.9781730878905184,0
2.6961498708950398,0
2.864253325923413,0
3.024508898939212,0
2.729455371698115,0
2.1260327011144593,0
2.487206956899299,0
3.023904028710647,0
2.688360429698988,0
3.35765977713051,0
3.829179794827998,0
4.310265109882587,0
4.831107300909233,0
5.368660992147787,0
5.292770206152657,1
6.244301380679621,0
6.732089230045094,0
7.991802567276269,0
7.65896415223847,0
9.28662311609619,0
7.291269100297738,0
8.756296943954275,0
7.2833632956059375,0
8.90383827145272,0
6.964984057567741,0
7.942720693787639,0
8.263667714127415,0
9.141138347243043,0
9.180220685724317,0
7.983975815194658,0
7.055651614901627,0
7.695705161841633,0
7.038972330692276,0
8.231846969467847,0
7.78682493172339,0
8.566848002457212,0
7.465991766619493,0
7.20947978351044,0
6.644996932641314,0
8.025138904638373,0
7.4822277260188885,0
6.979354744965403,1
4.988002237710189,0
5.211555926613652,0
6.35807312222442,0
6.2691318367858235,0
4.657812828532708,0
3.200094466686381,0
4.867598951189452,0
4.90789370713916,0
6.8026393175411854,0
4.514527597769677,0
5.067331166072538,0
5.550329677782051,1
5.961387402785384,0
6.609266655809822,0
7.68046950685137,0
8.770465159713284,0
8.905088528873316,0
8.42345379603153,0
7.245743983787393,0
8.65684621156061,0
7.506613800883123,0
7.096676652848081,0
8.447980556424522,0
7.973885693109554,0
7.149131518681288,0
6.151023654366992,0
5.2618741724130595,0
4.076507240148322,0
3.158682291270609,1
3.0102663128979197,0
2.0510623535673025,0
0.3491039530336213,0
0.10711727549659307,0
-0.17311904382691798,0
-1.3583168571224074,0
0.17926083457492004,0
2.0593329617578435,0
-0.12628410017752925,0
1.428155647921692,0
-0.05427853573086869,0
-0.49186313980504476,0
1.8939914954270212,0
0.05485972272965154,0
-0.9222143036041043,0
0.5406678537377477,0
-1.0849668067236542,0
1.1265152678290773,0
-0.17463412773022255,0
-0.48896083714314287,0
-0.4886114513401621,0
1.4201772722163615,0
0.527788092176678,0
-2.1791410489599747,0
0.4416224929375217,0
-1.469552214198986,0
0.8175202568055008,0
1.2767051792155901,0
-0.3052852956700126,0
-0.7306131664926654,0
0.09909132681828439,0
-1.3641426290599736,0
-0.6302797523209464,0
0.3277457851270047,0
0.9420095146813159,0
1.432741054943401,0
2.2310856219653217,0
2.5608758165728926,0
3.482925041589881,0
4.460750547769017,0
5.19326975705,0
5.830578364280152,0
7.855177887259432,0
8.129296486431336,0
9.08016889369644,1
9.719884649090186,0
10.528406299156885,0
9.434903292819246,0
9.913890001604967,0
10.63804890586061,0
12.3525480016808,0
15.760605838304347,0
12.617434232253494,0
15.577844176508968,0
14.139485080847702,0
16.880853045043306,0
17.502296089381822,0
17.625635600907763,0
15.681383858780277,0
16.399543035747566,0
15.402881205671193,0
14.844941121826839,0
16.862496026160507,0
15.448946594500384,0
16.935667518679885,0
16.469370570578306,0
15.121379138411548,0
14.509317076395302,0
16.22948427709057,0
14.320983564308033,0
17.521380594936353,0
17.75245672236768,0
17.209290972946818,0
16.40118442619555,0
14.922805961138426,0
17.087627047386178,0
16.77634924398929,0
14.33453298205548,0
15.664349623864075,0
15.597734824839076,0
15.765762895792692,0
15.09812823311303,0
14.23946694674455,0
13.51010032117901,0
13.031886103111272,0
12.457054557646256,0
10.872308881911149,0
11.122273126868997,0
10.422835516312059,1
7.44282033318572,0
8.517272988212705,0
7.62949354720673,0
7.085297710881955,0
6.840097757418102,0
4.226711456301066,0
3.8188775953466134,0
4.057931240631506,0
2.7835488102487562,0
1.4194224067431969,0
3.002959479848426,0
1.590409284154615,0
3.6568598380030064,0
4.047633722272226,0
3.753894454105982,0
2.3020674387751456,0
4.293792986390858,0
2.5113131062665706,0
3.1028260122377143,0
2.687912595484572,0
4.380734971126621,0
1.281680440004221,0
1.1262955672124904,0
1.5460615272497429,0
2.684842599019446,0
3.199921390560549,0
3.6581162976594985,0
4.324977165605284,0
4.763271794167109,0
5.316856590692889,0
5.8233017442086155,0
6.285736119072349,0
6.411993285298916,1
7.206643150599018,0
8.803785945256978,0
8.14407404021371,0
8.436522764319164,0
9.70523043472349,0
10.548310950205693,0
9.250864797244677,0
11.027239697355594,0
11.842561240539931,0
10.213317331563275,0
10.82967792764588,0
13.268370741927074,0
10.3117814620859,0
13.145705361708776,0
11.368377510897798,0
11.483264669789817,0
11.512127944569624,0
11.597464371727963,0
8.936959341178124,0
12.06416971139579,0
8.54302463669387,0
9.907148666776504,0
9.958557999397286,0
11.148818471929916,0
10.14121343160896,0
11.137893658935402,0
10.3762028362787,0
10.988103001865595,0
11.795573335285555,0
11.411527048081034,0
11.76652361533676,0
13.010793031133163,0
11.396175424926211,0
10.766439165893477,0
10.30328164886843,0
9.55398462615496,0
8.74460825966315,0
8.477386292835009,1
7.890175351168903,0
7.428788362751268,0
5.459842225368166,0
5.870075032579969,0
7.950544755394181,0
6.517813045045451,0
9.055983406962671,0
7.264319551387944,0
7.753283341758291,0
6.441409766466309,0
7.866380435141939,0
8.527264120276108,0
6.4260588356988055,0
7.862150353237452,0
6.966946860262854,0
7.5221135965514785,0
7.443920706865203,0
6.352129339972996,0
6.5321054688669795,0
5.89815322182417,0
5.136080462478013,0
4.630255640626498,0
4.205720237646151,0
3.70229053138186,1
2.5202446108003276,0
1.842173378303472,0
0.932379557092859,0
0.5229826116381467,0
1.628280836181748,0
1.1589713310673353,0
-0.18282174170413845,0
-0.9766087670944856,0
1.8884836467202093,0
1.5777346016745453,0
1.3421474662495525,0
1.7097747221314994,0
0.4612089552841476,0
0.7979750540436276,0
0.8517641282297119,0
2.52883685272775,0
1.3207077023550609,0
1.8156279904791397,0
0.7871498201150533,0
-0.7002024603418844,1
0.06292870220012904,0
-0.06806507430705337,0
-1.6257562179491638,0
1.5420371766089074,0
-0.5713954202576593,0
-0.9297148515127039,0
-1.2652745000852619,0
0.23204203209646837,0
-0.05092590748124549,0
1.4493552545134942,0
1.1316148375118458,0
-1.157720723992718,0
-2.2742619951076573,0
-0.43188156147315604,0
-0.10904834465821456,0
-0.646557429226255,0
-1.3069262857054686,0
-0.7042325166332319,0
-0.05453751987452016,0
0.3040098714882784,0
1.155482467640079,0
1.7848306450772642,0
2.507328058608575,0
3.633908516100953,0
3.132853639716412,1
4.124586825381122,0
5.106368750907938,0
6.048064682950292,0
6.721259267557187,0
6.460342668607848,0
7.859349403768903,0
9.261049263401357,0
8.501281244496663,0
9.15371471984386,0
8.477956954029347,0
8.780197610495389,0
9.21087296616256,0
7.904930821810391,0
11.595409659393027,0
8.412892258323351,0
9.8434643965903,0
8.108665677966997,0
9.559577163414637,0
9.486081876359103,0
9.26873225525406,0
7.899466260657225,0
11.047453257464964,0
8.837220568923287,0
8.239579254146308,0
8.403634131836137,0
8.56338395606111,0
8.446416278047096,0
7.896854503428324,0
7.849492784173722,0
8.468543256712962,0
9.410814396936054,0
7.167047579718621,0
8.49046504969158,0
8.847691276924891,0
8.225097866681226,0
9.236870598921268,0
10.087663347127764,0
11.083313649505778,0
11.516265379883087,0
12.75627193538675,0
13.729648624798617,1
13.800982591598146,0
14.689515702719797,0
15.674357652371055,0
16.761156718414643,0
14.962896819653297,0
17.14168189806843,0
16.397569380495824,0
16.612960898523486,0
16.352184536969315,0
15.981083742528384,0
16.72531982322472,0
16.02130735584516,0
14.173085326169344,0
16.565413392842327,0
17.2491585330096,0
15.52448859000841,0
14.782100019739055,0
14.147969148497785,0
13.380528842966157,0
12.708814716649446,0
12.299420351666598,0
10.488672556197999,0
10.324712785984557,0
10.275929130773399,1
9.278947269790965,0
8.668378230269623,0
7.123251117360521,0
6.5382842505858605,0
3.8812204789928604,0
6.904487032862161,0
5.549773967164542,0
4.006567181820134,0
3.9601989719588433,0
4.096419287952199,0
3.78909873333854,0
4.026306982802539,0
3.871940976922199,0
3.213659435341947,0
3.752041865801805,0
4.455733380033191,0
3.5755620944250692,0
5.661673309468456,0
6.910556816127208,0
2.944089012392089,0
0.9214136448289194,0
5.076743836285068,0
3.7983411896913206,0
4.445452094962734,0
4.396472796635856,0
1.900506866871286,0
2.4998176360457967,0
4.938881701659951,0
4.349429620693718,0
3.3281212262163504,0
4.590876110873028,0
3.8226050506744147,0
3.96931881696925,0
